Date,Open,High,Low,Volume,Close,OBV,VROC_10,VROC_20,ADI,ADI_CUMSUM,VWAP,SMA_VOL_10,SMA_VOL_20,EMA_VOL_10,EMA_VOL_20,VOL_STD_10,VOL_STD_20,VOLUME_ZSCORE,VOLUME_TREND,VOLUME_SURGE,MACD,Signal Line,Histogram,Buy Signal,Sell Signal,Rolling Mean,Upper Band,Lower Band,Signal,Close_RSI
2012-09-11,35.16,35.82,34.99,1408700,35.38,0.0,,,-84861.44578312787,-84861.44578312787,35.39666666666667,,,1408700.0,1408700.0,,,,,,0.0,0.0,0.0,False,False,,,,,
2012-09-10,35.53,35.96,35.25,913100,35.29,-913100.0,,,-810215.4929577488,-895076.9387408767,35.43730482097224,,,1318590.9090909092,1361500.0,,,,,,-0.007179487179485022,-0.0014358974358970045,-0.005743589743588018,False,False,,,,,
2012-09-07,35.46,35.78,35.23,1156100,35.61,243000.0,,,441419.99999999837,-453656.93874087837,35.471442057946845,,,1289047.1074380165,1341938.0952380951,,,,,,0.01280444152239113,0.0014121703557606227,0.011392271166630507,True,False,,,,,
2012-09-06,35.39,36.25,35.33,2343700,35.45,-2100700.0,,,-1732299.999999978,-2185956.9387408565,35.55406280060465,,,1480802.1788129224,1437343.990929705,,,,,,0.015551913393977657,0.0042401189634040295,0.011311794430573627,False,False,,,,,
2012-09-05,34.61,35.92,34.6,2694000,35.4,-4794700.0,,,571454.5454545332,-1614502.3932863232,35.47579642068674,,,1701383.6008469365,1557025.5156030667,,,,,,0.013538657300273371,0.006099826630777898,0.007438830669495473,False,False,,,,,
2012-09-04,33.5,34.66,33.19,2225000,34.65,-7019700.0,,,2194727.8911564685,580225.4978701454,35.20459986717067,,,1796586.5825111298,1620642.1331646794,,,,,,-0.04802202661701216,-0.004724544018780114,-0.043297482598232045,False,True,,,,,
2012-08-31,33.98,34.26,33.28,1273500,33.44,-8293200.0,,,-857663.26530613,-277437.7674359847,35.04087158699639,,,1701479.9311454697,1587580.977625186,,,,,,-0.19223028864204394,-0.04222569294343288,-0.15000459569861108,False,False,,,,,
2012-08-30,34.13,34.33,33.63,976400,33.71,-7316800.0,,,-753222.8571428605,-1030660.6245788452,34.95436906457283,,,1569647.2163917478,1529373.2654704065,,,,,,-0.2814848496172999,-0.09007752427820628,-0.19140732533909363,False,False,,,,,
2012-08-29,34.13,34.38,33.34,1701900,34.21,-5614900.0,,,1145509.6153846094,114848.99080576422,34.84111651829063,,,1593693.1770477938,1545804.3830446536,,,,,,-0.3083197922661043,-0.13372597787578588,-0.1745938143903184,False,False,,,,,
2012-08-28,33.88,34.44,33.63,2563100,34.26,-3051800.0,,,1423944.4444444394,1538793.4352502036,34.73251782523446,1725550.0,,1769948.963039104,1642689.6798975437,676742.327871793,,,837550.0,1.485381472573962,-0.3218421001275118,-0.17134920232613107,-0.15049289780138073,False,False,,,,,
2012-08-27,34.29,34.34,33.89,737100,33.97,-3788900.0,-0.4767516149641513,,-475020.0000000072,1063773.4352501964,34.705240006076565,1658390.0,,1582158.2424865395,1556443.0437168253,741871.239876271,,,-921290.0,0.44446722423555374,-0.3519026877667599,-0.20745989941425685,-0.14444278835250307,False,False,,,,,
2012-08-24,34.5,34.7,33.29,5589400,34.05,1800500.0,5.1213448691271495,,436052.482269472,1499825.9175196683,34.54124445198315,2126020.0,,2310747.6529435324,1940534.182410461,1400950.4986099815,,,3463380.0,2.629043941261136,-0.3650623767973187,-0.23898039489086925,-0.12608198190644943,False,False,,,,,
2012-08-23,33.73,34.12,33.48,2111800,33.54,-311300.0,0.826658593547271,,-1715837.4999999856,-216011.5824803172,34.473197580739324,2221590.0,,2274575.3524083444,1956845.2126570835,1359414.9823851925,,,-109790.0,0.9505804401352185,-0.4118961801483607,-0.2735635519423676,-0.13833262820599312,False,False,,,,,
2012-08-22,33.84,34.27,33.51,1716500,33.94,1405200.0,-0.2676110423689039,,225855.26315788037,9843.680677563156,34.43772002981848,2158870.0,,2173107.106515918,1933955.192404028,1367599.2314596002,,,-442370.0,0.7950918767688652,-0.411986525450196,-0.3012481466439333,-0.1107383788062627,False,False,,,,,34.61538460502953
2012-08-21,33.96,34.75,33.71,2442900,34.05,3848100.0,-0.09320712694877509,,-845619.2307692467,-835775.5500916835,34.41581238638851,2133760.0,,2222160.35987666,1982426.1264607874,1358960.0895128925,,,309140.0,1.1448803989202159,-0.39858737689236534,-0.3207159926936197,-0.07787138419874562,False,False,,,,,36.11691021908894
2012-08-20,33.27,33.95,32.76,1842900,33.84,2005200.0,-0.1717303370786517,,1502195.7983193307,666420.2482276472,34.36353353672324,2095550.0,,2153203.9308081763,1969137.9239407124,1361479.0766336112,,,-252650.0,0.879434993199876,-0.40029929894087957,-0.33663265394307174,-0.06366664499780783,False,False,,,,,35.234215875900645
2012-08-17,33.66,33.74,32.37,3050900,33.45,-1045700.0,1.3956811935610522,,1759278.102189789,2425698.350417436,34.26020078472003,2273290.0,,2316421.3979339623,2072162.8835654063,1358252.1378186336,,,777610.0,1.3420637050266353,-0.4281898441476599,-0.3549440919839894,-0.07324575216367052,False,False,,,,,28.313253004088637
2012-08-16,33.89,34.3,33.14,1992300,33.85,946600.0,1.0404547316673494,,446550.0000000101,2872248.3504174463,34.2332566398017,2374880.0,,2257490.2346732416,2064556.894654415,1286574.5327980204,,,-382580.0,0.8389055447012059,-0.41325292265270974,-0.3666058581177335,-0.046647064534976246,False,False,,,,,34.67432949261604
2012-08-15,33.2,34.72,32.51,4098600,33.96,5045200.0,1.4082496033844527,,1279653.3936651668,4151901.744082613,34.182748468130505,2614550.0,,2592237.464732652,2258275.285639709,1367940.7770237878,,,1484050.0,1.5676120173643648,-0.38806584259082655,-0.3708978550123521,-0.01716798757847443,False,False,,,,,36.36363635399448
2012-08-14,33.76,33.93,32.28,5752700,33.16,-707500.0,1.2444305723537905,,383513.3333333069,4535415.07741592,34.0519388746514,2933510.0,2329530.0,3166867.0165994423,2591077.639388308,1688830.668079084,1397121.0933841588,2.4501598438459404,2819190.0,1.961029619806989,-0.4277276363589664,-0.38226381128167497,-0.04546382507729141,False,False,34.2605,35.78756770952492,32.73343229047508,0.13966889184554393,36.022514061832695
2012-08-13,35.27,35.29,32.8,9384300,33.52,8676800.0,11.73137973137973,5.661673883722581,-3957234.9397589955,578180.1376569243,34.02143647122788,3798230.0,2728310.0,4297309.377217725,3238051.197541802,2471625.85223663,2087914.3677993976,3.187865413759868,5586070.0,2.470703459242858,-0.4252093535692367,-0.39085291973918734,-0.03435643383004938,False,False,34.167500000000004,35.632802196243425,32.70219780375658,0.2790558146776858,50.89285712695319
2012-08-10,36.26,36.54,35.05,3806700,35.1,12483500.0,-0.3189429992485777,3.1689847771328443,-3551216.7785234684,-2973036.640866544,34.11961950388302,3619960.0,2872990.0,4208107.672269047,3292208.226347345,2391057.158664343,2055514.1927840933,0.45424643783915475,186740.0,1.051586205372435,-0.2923507633086828,-0.37115248845308646,0.07880172514440364,True,False,34.158,35.5948474262481,32.7211525737519,0.8278009838733376,62.003454216441334
2012-08-09,36.92,37.12,36.1,1646400,36.18,14129900.0,-0.22038071787101055,0.4240982613960731,-1388141.1764705929,-4361177.817337137,34.18252531961538,3573420.0,2897505.0,3742342.640947402,3135464.585742836,2427919.131821871,2036798.6411794678,-0.6142507043678658,-1927020.0,0.4607350941115234,-0.09877379642865947,-0.31667675004820106,0.2179029536195416,False,False,34.1865,35.760663436977175,32.61233656302283,1.133193464278419,65.4631083058637
2012-08-08,37.08,37.69,36.1,4031900,36.77,18161800.0,1.348907660937955,0.7203140333660452,-633946.5408804866,-4995124.358217623,34.347029555498864,3804960.0,2981915.0,3794989.43350242,3220839.387100661,2339968.330839829,2047592.6361088937,0.5127899863887576,226940.0,1.0596432025566629,0.10108022373577796,-0.23312535529140527,0.33420557902718323,False,False,34.2525,36.13098623266602,32.37401376733398,1.1700874236451209,68.16208392251424
2012-08-07,38.45,39.0,38.24,2066600,38.66,20228400.0,-0.15403823324736998,-0.23288789903489238,217536.84210523978,-4777587.516112383,34.47820880197651,3767330.0,2950545.0,3480736.8092292524,3110911.826424408,2367173.51335582,2057020.090855753,-0.42972113103293264,-1700730.0,0.5485582627484187,0.40727832815252896,-0.10504461860261843,0.5123229467551473,False,False,34.415499999999994,37.10424046035646,31.72675953964353,1.2893100993907909,77.5558166734926
2012-08-06,36.67,38.39,36.5,1985700,38.01,18242700.0,0.07748657007976556,-0.1075505617977528,1187217.4603174552,-3590370.055794928,34.56833874725108,3781610.0,2938580.0,3208911.9348239335,3003748.795336369,2354672.174139464,2062152.0252804887,-0.46208038414160646,-1795910.0,0.5250938092505573,0.5906839275884153,0.034101090635588305,0.556582836952827,False,False,34.5835,37.717028530687344,31.44997146931266,1.0467478541273072,71.80616738980964
2012-08-03,36.57,37.03,35.91,2291800,36.68,15950900.0,-0.2488118260185519,0.7996073812328228,859425.0,-2730945.055794928,34.63126913078194,3705700.0,2989495.0,3042164.310310491,2935944.1481614765,2392773.91047852,2031216.0571998036,-0.3434863551452174,-1413900.0,0.6184526540194835,0.6215494664331871,0.15159076579510808,0.469958700638079,False,False,34.7455,37.963969561109664,31.527030438890332,0.800531038630209,65.85858584927254
2012-08-02,36.2,37.5,35.58,1661900,36.21,14289000.0,-0.1658384781408423,0.7020688242523556,-571278.1249999966,-3302223.180794925,34.67195890428983,3672660.0,3023770.0,2791207.1629813104,2814606.610241336,2421174.309755955,2001018.1124670142,-0.6805885421601598,-2010760.0,0.45250581322529176,0.6011558063664566,0.24150377390937777,0.35965203245707883,False,False,34.87050000000001,38.11373084528214,31.627269154717872,0.7065070394154241,61.3841524487525
2012-08-01,37.47,37.82,36.31,2856800,36.57,17145800.0,-0.30298150588005657,0.6785945120159822,-1873001.3245033172,-5175224.505298242,34.75535568928597,3548480.0,3081515.0,2803133.1333483444,2818625.0283135893,2428734.4961705655,1977388.5653012688,-0.11364230781104123,-691680.0,0.8050771034358373,0.6070450378655607,0.3146120267006144,0.29243301116494635,False,False,34.9885,38.301525489599626,31.675474510400377,0.7386791174659995,62.3287671147495
2012-07-31,36.17,37.6,35.99,3158500,37.41,20304300.0,-0.4509534653293237,0.23229682805977148,2413015.527950291,-2762208.977347951,34.844555513337326,3289060.0,3111285.0,2867745.2909213724,2850994.0732361046,2302396.637901955,1973651.3415961317,0.023922665064953306,-130560.0,0.9603047679276145,0.6717497629675293,0.38603957395399735,0.28571018901353196,False,False,35.146,38.609295661953404,31.6827043380466,0.826856298304464,66.45161289465138
2012-07-30,35.52,36.18,35.25,2592100,36.01,17712200.0,-0.7237833402597956,2.51661918328585,1644450.5376343988,-1117758.4397135521,34.87515217494605,2609840.0,3204035.0,2817627.9652993046,2826337.494832666,845226.9257424315,1898357.1865320536,-0.32234976870601034,-17740.0,0.9932026484382185,0.6031081685264184,0.42945329286848155,0.1736548756579368,False,False,35.248000000000005,38.68553032522509,31.810469674774918,0.6108353858594834,60.792580094004244
2012-07-27,35.57,36.63,35.12,3029600,35.41,14682600.0,-0.20414006882601732,-0.4579740222564139,-1865912.5827814646,-2983671.0224950165,34.90522812971121,2532130.0,3076045.0,2856168.3352448856,2845695.8286581268,753732.4282823754,1813462.4156931345,-0.02561122833210082,497470.0,1.1964630567940824,0.49459286611784137,0.44248120751835357,0.0521116585994878,False,False,35.316,38.70724197091024,31.92475802908977,0.5138592292744539,56.467661684987156
2012-07-26,36.77,37.01,34.03,6637500,35.04,8045100.0,3.0315233236151604,2.143053319443129,-2138255.0335570513,-5121926.056052068,34.93813128131118,3031240.0,3302330.0,3543683.1833821787,3206820.0354525913,1441120.337484387,1963004.7859286913,1.6990126686941018,3606260.0,2.1896979453952836,0.3744216990898366,0.4288693058326502,-0.054447606742813626,False,True,35.391,38.68171996601607,32.10028003398393,0.44666820579921007,54.383116876936974
2012-07-25,36.13,37.45,35.01,9251500,36.18,17296600.0,1.2945757583273396,4.389746577337606,-379159.83606557845,-5501085.8921176465,35.05494789516123,3553200.0,3679080.0,4581468.0591308735,3782503.841599963,2441705.734841027,2331176.8391455035,2.390389225916717,5698300.0,2.6037093324327367,0.36694375684180613,0.4164841960344814,-0.049540439192675256,False,False,35.503,38.737785277182034,32.268214722817966,0.6046437308799928,61.92733016692749
2012-07-24,46.25,46.38,43.14,6151600,43.47,23448200.0,1.976676666989258,1.5181546522575626,-4898496.296296304,-10399582.188413952,35.58747119828392,3961700.0,3864515.0,4866946.593834351,4008132.047161871,2506221.6484403596,2374766.637017093,0.9630777880864839,2189900.0,1.5527677512179114,0.9384417364840374,0.5208757041243927,0.41756603235964473,True,False,35.974,40.71193825913428,31.23606174086572,1.2910613847224,75.39560999971651
2012-07-23,44.15,46.01,43.06,2383600,45.61,25831800.0,0.20038273656645011,0.2933962776059471,1737200.0000000014,-8662382.18841395,35.78999142373593,4001490.0,3891550.0,4415429.031319014,3853414.709336931,2474319.51877683,2353523.441789487,-0.6407201956116654,-1617890.0,0.5956781099040608,1.54621432182784,0.7259434276650822,0.8202708941627577,False,False,36.5625,42.853683053331565,30.27131694666844,1.2190618937092284,76.07940446121535
2012-07-20,45.33,46.4,44.81,2210600,44.9,23621200.0,-0.035430665852168586,-0.2754269232029892,-1960343.3962264247,-10622725.584640374,35.979520713838454,3993370.0,3849535.0,4014551.0256246477,3696956.165590557,2480678.703746663,2376706.8604035866,-0.6895823070589756,-1782770.0,0.5535675381945575,1.9481305716347777,0.9703808564590213,0.9777497151757564,False,False,37.135,44.26198799597255,30.00801200402745,1.0447602833334357,72.04246713342471
2012-07-19,45.42,47.81,44.75,2613600,45.1,26234800.0,0.5726578013117516,0.31185062490588766,-2015717.6470588215,-12638443.231699197,36.205957288344486,4088540.0,3880600.0,3759832.657329257,3593779.3879152657,2398178.5005383664,2355116.3486735583,-0.5379776675210106,-1474940.0,0.6392501968918,2.2567757181030714,1.2276598287878313,1.0291158893152401,False,False,37.6975,45.47862662658482,29.916373373415173,0.9756701924570145,71.48014439917112
2012-07-18,45.28,46.07,45.28,815300,45.42,27050100.0,-0.7146107532903949,-0.801078417020446,-526332.9113924037,-13164776.1430916,36.272389830616405,3884390.0,3716435.0,3224463.083269392,3329162.303351907,2593613.642284534,2451577.627886303,-1.1833747245039496,-3069090.0,0.20989138577743224,2.498400539773634,1.4818079709849918,1.0165925687886421,False,False,38.270500000000006,46.563740049963336,29.977259950036675,0.9310438355170733,68.96745229536734
2012-07-17,47.0,47.03,45.37,1760700,45.52,28810800.0,-0.44255184422985594,-0.693935021815843,-1442501.2048192658,-14607277.347910866,36.418467361058255,3744610.0,3516835.0,2958324.340856775,3179784.941127916,2673517.1168955206,2439544.2357506477,-0.7198619210360977,-1983910.0,0.4701958281369755,2.6672131431933224,1.7188890054266581,0.9483241377666642,False,False,38.8885,47.417018782976264,30.359981217023737,0.8887838069394365,71.74290676893806
2012-07-16,45.91,46.24,44.44,1010600,46.15,29821400.0,-0.6101230662397283,-0.8923094956469848,909539.9999999964,-13697737.34791087,36.49722883540123,3586460.0,3098150.0,2604192.6425191797,2973195.8991157333,2793358.41524141,2070142.0145792693,-1.0084090778787795,-2575860.0,0.2817820357678602,2.8193345487991337,1.9389781141011533,0.8803564346979804,False,False,39.519999999999996,48.242952180130416,30.797047819869576,0.8800318896108448,78.57573928123078
2012-07-13,44.01,46.95,43.49,2290500,45.85,27530900.0,-0.24395959862688144,-0.3982977381984396,834112.7167630042,-12863624.631147865,36.667409195054304,3512550.0,3022340.0,2547157.6166066015,2908177.242057092,2819386.3300962034,2070590.8583122634,-0.35344500680183727,-1222050.0,0.6520903617030362,2.8824571936606773,2.1276739300130583,0.754783263647619,False,False,40.0575,48.95671788402601,31.158282115973982,0.825449948270031,79.39024389566183
2012-07-12,43.79,44.54,43.26,1544400,43.88,25986500.0,-0.7673220338983051,-0.06195335276967928,-48262.49999999035,-12911887.131147856,36.75905295490181,3003240.0,3017240.0,2364838.049950856,2778293.6951945117,2646901.5148534216,2074280.5868668375,-0.7100485871222937,-1458840.0,0.5142446158149199,2.7419127451201746,2.250521693034482,0.4913910520856928,False,False,40.4425,49.30155275915398,31.583447240846027,0.6940105840575372,70.2942809495607
2012-07-11,44.96,45.47,43.98,923100,44.28,26909600.0,-0.9002215856888072,-0.7710508693171954,-551381.8791946261,-13463269.010342482,36.81786860576977,2170400.0,2861800.0,2102703.8590507,2601608.581366463,1542177.1551212205,2110410.469677952,-0.918636458572841,-1247300.0,0.42531330630298564,2.632461536205298,2.326909661668645,0.3055518745366532,False,False,40.818,49.65824910342046,31.977750896579536,0.6958089619137819,69.55036994323447
2012-07-10,45.7,45.81,43.76,1248500,44.76,28158100.0,-0.7970446713050263,-0.39586760863253656,-30451.21951219766,-13493720.22985468,36.898038096114064,1680090.0,2820895.0,1947394.0664960272,2472741.0974268,666725.0481937003,2134426.388240126,-0.7366827025112207,-431590.0,0.7431149521751811,2.5550002011727813,2.372527769569472,0.18247243160330928,False,False,41.123000000000005,50.0700303217854,32.17596967821461,0.703251798037621,76.27627626986268
2012-07-09,46.27,46.69,44.95,926100,45.44,29084200.0,-0.6114700453096157,-0.5336153497507177,-404503.448275866,-13898223.678130547,36.9632682579152,1534340.0,2767915.0,1761704.236224022,2325441.9452909143,655052.5495459656,2169117.015667411,-0.849108179363618,-608240.0,0.6035819961677333,2.5194393238547406,2.401910080426526,0.11752924342821469,False,False,41.4945,50.5140097894567,32.474990210543304,0.7187203125280747,79.9760908480594
2012-07-06,45.84,46.54,45.36,887100,46.36,29971300.0,-0.598706233601737,-0.6129243389475522,616459.3220338987,-13281764.356096648,37.02762513756624,1401990.0,2697680.0,1602685.2841832908,2188456.9981203508,636681.6219011428,2207742.6479503782,-0.8201046447514634,-514890.0,0.6327434575139623,2.536256991781009,2.4287794626974226,0.10747752908358654,False,False,41.9785,50.94895976642516,33.00804023357483,0.7442182515772033,82.75462962292498
2012-07-05,46.09,47.44,45.71,1517900,46.27,28453400.0,-0.419230180593817,-0.0866478127444491,-535213.2947976821,-13816977.650894329,37.140275572805976,1292420.0,2690480.0,1587269.7779681468,2124594.4268707936,480006.0041291182,2211529.9328269274,-0.5302121316988592,225480.0,1.174463409727488,2.5133505265747402,2.445693675472886,0.06765685110185427,False,False,42.4815,51.21509701624166,33.74790298375834,0.7168923063976174,81.08441157649305
2012-07-03,46.02,46.17,44.7,562800,46.05,27890600.0,-0.30970195020237945,-0.8029963595631475,470914.2857142822,-13346063.365180047,37.17769506999598,1267170.0,2575780.0,1401002.545610302,1975852.1005021466,513374.2517241553,2261376.6914496087,-0.8901568710826416,-704370.0,0.44413930254030637,2.4492118370077236,2.4463973077798538,0.002814529227869844,False,False,42.9555,51.36106826721054,34.54993173278946,0.6840744076799303,64.08296942252007
2012-07-02,44.73,47.0,44.72,1814900,46.0,26075700.0,0.030783211222809026,-0.4253917999050182,222882.45614035166,-13123180.909039695,37.29988419105737,1272590.0,2508600.0,1476256.6282266106,1960523.3290257517,519414.2672280028,2263111.260841448,-0.3065249208039711,542310.0,1.4261466772487603,2.3670608769537154,2.430530021614626,-0.0634691446609108,False,True,43.385000000000005,51.46918208602453,35.30081791397548,0.6617355950282625,52.75813294570561
2012-06-29,44.74,46.3,44.13,1908900,44.69,24166800.0,0.8888778943202058,-0.2635700783148798,-923661.2903225867,-14046842.199362282,37.41218938432877,1362420.0,2474440.0,1554919.0594581359,1955606.8214994897,546064.5053471276,2266937.5206490178,-0.24947313053342887,546480.0,1.40110978993262,2.171221111931864,2.378668239678074,-0.2074471277462102,False,False,43.819,51.1312360321227,36.506763967877305,0.5595577054798072,48.63102997808559
2012-06-28,43.97,44.26,42.18,1209500,43.58,22957300.0,-0.4719493560358,-0.6007723791919726,418673.0769230766,-13628169.122439206,37.46618953902792,1254320.0,2383435.0,1492115.594102111,1884549.028975729,438288.836271246,2279973.927661408,-0.5148896598147141,-44820.0,0.964267491549206,1.9044951295138048,2.2838336176452203,-0.37933848813141546,False,False,44.2275,50.383116605139854,38.071883394860144,0.4474057562763617,41.14219113547794
2012-06-27,44.36,45.35,43.88,996800,44.42,23954100.0,-0.3545713545713546,-0.8498229755178908,-264457.1428571434,-13892626.26529635,37.518975864254934,1199560.0,2101400.0,1402058.2133562723,1800001.5024066118,432185.3388433187,2064769.0565392792,-0.534975084260222,-202760.0,0.8309713561639268,1.7408266802744308,2.1752322301710625,-0.4344055498966317,False,False,44.6965,49.078589263786085,40.314410736213915,0.4684511219014848,44.5054944986475
2012-06-26,44.05,44.88,43.95,890600,44.01,23063500.0,-0.035207453147004686,-0.903734529535751,-775683.8709677511,-14668310.1362641,37.56369153936981,1196310.0,1683355.0,1309065.810927859,1713391.835510744,434610.6851731441,1210676.8022256678,-0.6548031634393471,-305710.0,0.7444558684621879,1.5600513803829088,2.052196060213432,-0.4921446798305231,False,False,45.088,46.928361520548506,43.247638479451496,0.20712276148908138,41.97662061012035
2012-06-25,44.76,45.39,43.98,1158500,44.07,24222000.0,-0.0720865038045655,-0.8116750113791533,-1010606.3829787181,-15678916.51924282,37.6226864652935,1187310.0,1433700.0,1281690.2089409754,1660544.9940335301,434341.62552841945,603181.6990801885,-0.4562472641654438,-28810.0,0.9757350649788177,1.405426272144446,1.9228421025996347,-0.5174158304551888,False,False,45.118,46.86447434323519,43.37152565676482,0.199966963711967,38.235294111591706
2012-06-22,43.46,46.09,43.37,3595400,45.53,27817400.0,2.8823021272000866,0.5083906695754321,2114941.1764705856,-13563975.342772234,37.812858310338086,1454240.0,1494290.0,1702364.7164062527,1844816.89936367,863843.1161578684,747273.9580072287,2.811699748781658,2141160.0,2.47235669490593,1.3847322269759132,1.8152201274748905,-0.4304879004989772,False,False,45.114,46.85609069798326,43.37190930201673,0.6193967686302404,48.399999993224
2012-06-21,43.53,43.85,42.35,977800,43.01,26839600.0,0.10224326456994692,-0.5576766488736089,-117336.00000000445,-13681311.342772238,37.849473507385696,1463310.0,1432650.0,1570625.6770596611,1762243.8613290347,857680.9176818375,735835.4045787542,-0.6181409553953024,-485510.0,0.668211110427729,1.1517128784595343,1.6825186776718193,-0.530805799212285,False,False,45.01950000000001,46.99929770364759,43.039702296352424,-0.007501346298589503,45.8767772450969
2012-06-20,44.1,44.1,42.74,1370100,43.29,28209700.0,-0.09737136833783522,-0.47578053259871445,-261930.88235294644,-13943242.225125184,37.9028931223112,1448530.0,1370475.0,1534166.4630488134,1724896.8269167456,857909.1224210969,681313.5956796214,-0.0005504073342701042,-78430.0,0.9458554534597143,0.9783591110639733,1.54168676435025,-0.5633276532862768,False,False,44.929,47.05349275679727,42.804507243202735,0.11426086420957206,45.254074778201755
2012-06-19,45.0,45.12,43.63,1842000,44.24,30051700.0,2.2729211087420045,1.2592910585060713,-333785.2348993251,-14277027.46002451,37.98533393035047,1576450.0,1421810.0,1590136.197039938,1736049.5100675316,804897.3920113482,675939.3852456858,0.6216385805766773,265550.0,1.1684480954042311,0.9071747165396502,1.4147843547881302,-0.50760963824848,False,False,44.87,47.00260404201057,42.73739595798943,0.3522932556654901,47.61467889296694
2012-06-18,44.14,45.41,43.77,1449000,44.91,31500700.0,-0.20160890407184973,-0.17703186232748336,565463.4146341428,-13711564.045390368,38.052377022093715,1539860.0,1406225.0,1564475.0703054038,1708711.4614896714,801161.3184760142,671291.8424673115,0.06372042276393806,-90860.0,0.9409946358759887,0.8945125873078936,1.310730001292083,-0.41621741398418943,False,False,44.8395,46.95029905049694,42.728700949503065,0.5166998369606519,47.56657483318703
2012-06-15,44.18,44.45,43.5,1995900,44.38,29504800.0,0.045575986170045546,0.9749653671086482,1701767.3684210523,-12009796.676969316,38.13459802726145,1548560.0,1455490.0,1642915.9666135123,1736062.7508716076,806071.4183963843,676861.1253814416,0.7984060241241581,447340.0,1.2888748256444698,0.8321190377695302,1.2150078085875724,-0.3828887708180422,False,False,44.751,46.77717503270515,42.72482496729484,0.4084481858646063,40.57142856601907
2012-06-14,43.63,44.57,42.7,957000,44.05,28547800.0,-0.20876395204630016,-0.5821872953503602,424764.705882349,-11585031.971086968,38.17105815108123,1523310.0,1388815.0,1518203.9726837827,1661866.298407645,821676.2074496816,655624.176102036,-0.6586319048930188,-566310.0,0.6282371940051599,0.7474275782990816,1.1214917625298744,-0.3740641842307928,False,False,44.660999999999994,46.641014885643095,42.68098511435689,0.34570823067283485,39.66480446410327
2012-06-13,44.49,45.31,43.31,1474300,43.43,27073500.0,0.4790329052969502,-0.04538979538979537,-1297384.0000000037,-12882415.971086971,38.2287129429552,1571060.0,1385310.0,1510221.432195822,1644002.8414164407,801301.3501659541,654935.6512384692,0.1358759441965357,-96760.0,0.9384110091275953,0.6230974880780806,1.0218129076395157,-0.3987154195614351,False,False,44.6385,46.665551527400496,42.611448472599506,0.20190693633975115,38.240574501477866
2012-06-12,43.04,45.07,42.8,2116600,45.02,29190100.0,1.3766000449135416,1.2929260101830788,2023357.7092511067,-10859058.261835866,38.313434602763316,1693660.0,1444985.0,1620472.0808874909,1689012.094614875,779104.5546722945,664901.9834967366,1.010096249777989,422940.0,1.2497195422930223,0.6454246539952138,0.9465352569106553,-0.30111060291544156,False,False,44.6755,46.70201346950991,42.64898653049009,0.5849982013895317,46.13564668260334
2012-06-11,44.46,44.86,42.53,2273900,42.94,26916200.0,0.9627967198964178,0.821305566680016,-1473643.347639491,-12332701.609475357,38.38924479726869,1805200.0,1496255.0,1739277.1570897652,1744715.7046515536,773800.5542630355,688083.5234452587,1.1301607631967465,468700.0,1.2596388211832483,0.48963625516680764,0.8551554565618859,-0.3655192013950782,False,False,44.584500000000006,46.753482055687556,42.415517944312455,0.12090511636835229,43.49442378729427
2012-06-08,42.01,43.15,41.56,1976700,43.02,28892900.0,-0.45021416254102464,1.134434726271461,1653466.0377358596,-10679235.571739499,38.44235662681114,1643330.0,1548785.0,1782444.9467098077,1766809.4470656915,465651.6247868893,682344.3499204936,0.6271247062423254,333370.0,1.2028624804512789,0.36838168337627053,0.7578007019247628,-0.38941901854849226,False,False,44.463499999999996,46.700474225200274,42.22652577479972,0.17735435130667287,47.74557165323321
2012-06-07,44.0,44.0,41.59,1862200,41.67,27030700.0,0.904479443649008,1.099199639274039,-1738568.464730293,-12417804.036469791,38.48932411547726,1731770.0,1597540.0,1796945.8654898426,1775894.2616308639,405276.377714439,667246.6342720421,0.3966449381775313,130430.0,1.0753160061671008,0.16149127318852408,0.6385388161775152,-0.4770475429889911,False,False,44.229,46.607694024703,41.850305975297,-0.03790020352018759,39.3658159276789
2012-06-06,40.86,43.81,40.86,2165700,42.99,29196400.0,0.5806875410553973,0.42677383226826526,961717.6271186448,-11456086.409351146,38.54437633946545,1811330.0,1629930.0,1863992.0717644165,1813018.6176660196,404479.44611974614,678800.193918032,0.7892896979117489,354370.0,1.195640772250225,0.10285643588257187,0.5314023401185265,-0.4285459042359546,False,False,44.065,46.29908523608773,41.83091476391227,0.2594093585519353,46.315028897049075
2012-06-05,41.21,42.21,40.44,1301600,41.09,27894800.0,-0.29337676438653637,1.31272210376688,-345622.5988700499,-11801709.008221196,38.566199114796255,1757290.0,1666870.0,1761738.9678072496,1764312.0826502084,434883.5615554058,636452.6377549731,-0.5739154468562745,-455690.0,0.7406859425592817,-0.09582164389711068,0.40595754331539907,-0.5017791872125097,False,False,43.817,46.21823740030666,41.41576259969334,-0.06783223509090168,40.497448975976006
2012-06-04,41.16,41.62,40.12,1525100,41.49,29419900.0,0.05251897860593502,-0.15967821918563008,1260749.3333333426,-10540959.674887853,38.58973135350287,1764900.0,1652380.0,1718713.7009332043,1741529.9795406647,429522.1841379907,636203.951575279,-0.20006163068438526,-239800.0,0.8641282792226188,-0.21848029165728633,0.281069976320862,-0.49955026797814833,False,False,43.5915,45.97657000890296,41.206429991097046,0.05944689418852476,36.18331053005085
2012-06-01,41.61,41.8,39.92,2355900,41.02,27064000.0,0.1803697580039081,0.23416627377023413,401004.2553191592,-10139955.419568693,38.62289676820147,1800900.0,1674730.0,1834565.7553089852,1800041.4100606015,464681.94140365516,653311.4563916903,1.0426420558460363,555000.0,1.3081792437114776,-0.34958344541062303,0.15493929197456502,-0.504522737385188,False,False,43.408,45.99351104589035,40.82248895410965,0.038195745905687355,42.08432775983152
2012-05-31,43.48,43.85,42.14,2499100,42.88,29563100.0,1.611389759665622,1.0662257131045885,-336136.2573099368,-10476091.67687863,38.687535081845375,1955110.0,1739210.0,1955390.1634346242,1866618.4186262586,405637.0228829423,668442.6069918831,1.1368066488455115,543990.0,1.2782400990225613,-0.2999396662098306,0.0639635003376859,-0.3639031665475165,False,False,43.373000000000005,45.96764306438842,40.77835693561159,0.4049965664321139,48.55123674431296
2012-05-30,44.88,44.88,42.71,2061700,43.16,31624800.0,0.3984263718374821,1.0683186195826644,-1206617.050691253,-11682708.727569882,38.74704348902678,2013850.0,1792455.0,1974719.2246283288,1885197.616852329,369166.00376163656,648302.2950469617,0.4153078001682786,47850.0,1.0237604588226532,-0.23529066921535957,0.004112666427076805,-0.23940333564243638,False,False,43.309999999999995,45.85837822525372,40.76162177474627,0.47056951779890055,45.99406527712225
2012-05-29,45.8,45.8,44.39,1567700,45.26,33192500.0,-0.2593310025512614,0.7602739726027397,366908.5106382969,-11315800.216931585,38.805681238798684,1958960.0,1826310.0,1900715.72924136,1854959.7485806788,392274.7030674677,615581.4794074572,-0.4201068561207061,-391260.0,0.8002715726712133,-0.014437002975078883,0.0004027325466456678,-0.01483973552172455,False,False,43.372499999999995,46.05114753776582,40.69385246223417,0.8523233223834864,51.173708915382754
2012-05-25,44.53,45.23,44.52,2139200,45.0,31053300.0,-0.05923743348432209,0.8465256797583081,753239.436619725,-10562560.78031186,38.881104087672206,1945490.0,1875345.0,1944076.5057429308,1882030.2487158522,382448.22874040087,598406.3013978307,0.4409295145850824,193710.0,1.0995687461770556,0.1380202797257084,0.027926241982458216,0.11009403774325019,True,False,43.419,46.17966277320653,40.65833722679346,0.7863442821311453,52.11748633381389
2012-05-24,45.04,45.32,44.25,1650000,44.4,29403300.0,-0.1652754590984975,-0.5410802692329086,-1187383.177570098,-11749943.957881957,38.93556735918702,1912820.0,1778075.0,1890608.050153307,1859932.1297905329,393286.27063078363,441687.79385086254,-0.2899672614526563,-262820.0,0.8626007674532888,0.20803074019241308,0.06394714162444919,0.14408359856796388,False,False,43.3625,45.98399716162749,40.7410028383725,0.6978831057280058,51.173708915382754
2012-05-23,42.21,45.82,41.91,3128000,45.15,32531300.0,0.6797336483728922,2.199018204131724,2055999.9999999981,-9693943.95788196,39.02966542842769,2039400.0,1885585.0,2115588.4046708876,1980700.4983819106,548324.9138158091,495100.3867106675,2.5094203788737026,1088600.0,1.5337844464058057,0.320340579701174,0.11522582923979416,0.20511475046137986,False,False,43.469500000000004,46.202730015163276,40.73626998483673,0.8074201568614796,55.71808510119645
2012-05-22,42.33,44.22,41.99,2271500,42.63,30259800.0,0.04885256499053425,0.657908181884534,-967679.3721973064,-10661623.330079265,39.07899334290234,2049980.0,1930655.0,2143935.9674579985,2008395.6890122048,552040.7851277365,486661.1795262641,0.7003743350389946,221520.0,1.1080595908252764,0.2036563732798129,0.1329119380477979,0.07074443523201498,False,False,43.4365,46.19467846069695,40.678321539303056,0.35379843772034053,42.51721978337356
2012-05-21,40.87,42.63,40.33,2208700,42.17,28051100.0,0.6969114935464045,0.19907709011943542,1325220.0,-9336403.330079265,39.11082060576053,2140690.0,1948990.0,2155711.2461019987,2027472.2900586613,485978.6951205931,490041.28923785046,0.5299757504187469,68010.0,1.031770130191667,0.0732210961886679,0.12097376967597191,-0.04775267348730401,False,True,43.333,46.11943405391946,40.546565946080534,0.29131033114455135,47.317073166115414
2012-05-18,41.57,41.59,39.81,3278800,40.66,24772300.0,1.1498918103730902,1.2628019323671498,-147361.79775283195,-9483765.127832096,39.13862026757573,2316060.0,2040480.0,2359909.201356181,2146646.357672122,551198.1478762656,557893.8340806995,2.2196337803957102,962740.0,1.4156800773727796,-0.1502620536256316,0.06672660501565121,-0.2169886586412828,False,False,43.1205,46.04534439532125,40.19565560467875,0.07937933314743857,42.522179970878874
2012-05-17,43.69,43.73,40.73,2521900,41.03,27294200.0,0.07046139479604396,0.2635402575279322,-2017519.9999999928,-11501285.127832089,39.17464995039369,2332660.0,2066780.0,2389362.073836875,2182384.7997985864,555017.703821742,567988.5614118798,0.8012837421737572,189240.0,1.08112626786587,-0.29412763192885194,-0.005444242373249419,-0.2886833895556025,False,False,42.953,45.95677376679826,39.94922623320175,0.17990265757435145,47.837837833312626
2012-05-16,42.93,43.84,42.72,3112900,43.64,30407100.0,0.24560841903085118,2.2527690700104492,2001149.9999999888,-9500135.1278321,39.243335867761346,2394040.0,2174575.0,2520914.4240483525,2271005.295055864,606977.8509596201,550596.292907206,1.704197816235823,718860.0,1.3002706721692203,-0.1952858185546873,-0.043412557609536995,-0.1518732609451503,False,False,42.932500000000005,45.9102340378214,39.95476596217861,0.6187983867957573,52.019888124746544
2012-05-15,41.81,43.09,41.47,2558300,42.65,27848800.0,0.24086918562351456,0.7352641931764228,1168606.1728394947,-8331528.954992605,39.28499540936524,2443700.0,2228775.0,2527711.801494106,2298366.695526734,596998.9130829516,531040.5018501537,0.6205270574502879,114600.0,1.0468961001759627,-0.19459453094183488,-0.07364895227599658,-0.1209455786658383,False,False,42.8935,45.864222223015126,39.92277777698488,0.45901670002776884,55.13833991586337
2012-05-14,41.4,42.57,41.01,1306600,41.64,26542200.0,-0.16654972252344202,-0.3826892185580648,-251269.23076922802,-8582798.185761834,39.30141479376737,2417590.0,2188275.0,2305691.473949723,2203912.724524188,643469.1056211574,569537.8910503718,-1.5480532794296942,-1110990.0,0.5404555776620519,-0.27240512291533037,-0.11340018640386335,-0.15900493651146702,False,False,42.7245,45.56768927670284,39.881310723297155,0.3092810758526674,50.47498416271911
2012-05-11,40.57,42.05,40.5,1494900,41.73,28037100.0,-0.30118735976065814,-0.3425832270548397,877650.9677419338,-7705147.2180199,39.31755369237751,2353160.0,2149325.0,2158274.8423225004,2136387.7031409317,703863.6234700923,589656.0093326492,-1.1098419920126887,-858260.0,0.6352734195719798,-0.3230840183599142,-0.15533695279507354,-0.16774706556484065,False,False,42.664,45.53919628620564,39.788803713794366,0.3375763066192963,52.303698892068425
2012-05-10,41.19,41.7,40.45,1546800,40.79,26490300.0,-0.06254545454545457,-0.21748368492942782,-705340.8000000091,-8410488.018019909,39.33051455759025,2342840.0,2127830.0,2047097.598263864,2080236.4933179857,715971.2474053092,603942.5844965902,-0.9620616510827951,-796040.0,0.6602243431049496,-0.4340935915047055,-0.21108828053699996,-0.22300531096770554,False,False,42.552499999999995,45.540320011488774,39.564679988511216,0.20505251433774077,42.78812974051735
2012-05-09,40.54,41.08,40.1,1071200,40.68,25419100.0,-0.6575447570332481,-0.4247664053270326,196751.02040816357,-8213736.997611745,39.337439253570224,2137160.0,2088280.0,1869661.6713067978,1984137.7796686536,759464.9347475593,646643.5556007652,-1.5728603357920738,-1065960.0,0.5012259259952461,-0.5248948970568463,-0.27384960384096924,-0.2510452932158771,False,False,42.503,45.58373880407729,39.42226119592271,0.20412941246637029,41.34078211886334
2012-05-08,40.69,41.3,39.4,2288500,41.2,27707600.0,0.007484041382346485,0.05670222099090361,2047605.263157908,-6166131.734453837,39.35213798897218,2138860.0,2094420.0,1945814.0947055619,2013124.6577954483,759818.0004302221,647998.9470426793,0.29950665951810146,149640.0,1.0699625033896563,-0.548572331354876,-0.3287941493437506,-0.21977818201112542,False,False,42.4135,45.538356375646934,39.288643624353064,0.30583107603645193,34.06593406219058
2012-05-07,39.8,40.98,39.8,3029100,40.97,24678500.0,0.37144021370036673,1.3272126613398894,2977759.3220339087,-3188372.4124199287,39.37034876430479,2220900.0,2180795.0,2142775.1683954597,2109884.214195882,810778.4023873485,651879.889223225,1.3013210163774704,808200.0,1.3639065243820072,-0.5792190695501489,-0.3788791333850303,-0.20033993616511858,False,False,42.4075,45.54349728114816,39.271502718851835,0.2708065614977675,34.14634145965344
2012-05-04,39.99,40.69,39.75,4765300,40.2,19913200.0,0.4533670855190923,2.1245819946233033,-202778.72340421547,-3391151.1358241444,39.38951813723782,2369550.0,2342805.0,2619597.865050831,2362780.955701036,1108056.6213470837,852204.1320043355,2.8426229221658783,2395750.0,2.011056951741892,-0.6580537610757844,-0.43471405892318116,-0.22333970215260324,False,False,42.343,45.60883011128713,39.077169888712874,0.1719057747992591,33.69565217025048
2012-05-03,42.63,43.5,40.24,3519600,40.9,23432800.0,0.39561441770093975,0.4939513561696167,-2094485.889570559,-5485637.025394703,39.42514994067076,2469320.0,2400990.0,2783234.6168597704,2472954.198015223,1166665.2017133674,891944.9734620462,1.2541244508146765,1050280.0,1.4253316702573988,-0.6564791887830381,-0.4790670848951526,-0.17741210388788553,False,False,42.337,45.613487850058235,39.06051214994177,0.2807103115040598,33.43725642659297
2012-05-02,43.25,44.46,42.08,7645700,42.63,31078500.0,1.456134151434354,2.0593813772958267,-4111973.1092436737,-9597610.134638377,39.55094375494022,2922600.0,2658320.0,3667319.2319761757,2965596.6553471065,2015938.0595643318,1474140.8508008993,3.3832452287651895,4723100.0,2.616061041538356,-0.5097586072000269,-0.48520538935612745,-0.02455321784389941,False,False,42.3245,45.594165844829156,39.054834155170845,0.5467173121808667,49.99999999418605
2012-05-01,36.38,37.89,36.07,4908600,36.53,26169900.0,0.9186960090685221,1.3808507542319446,-2427329.670329666,-12024939.804968042,39.49174960008415,3157630.0,2800665.0,3893006.6443441436,3150644.592933096,2103836.359315472,1549045.4851379655,1.3607960645598842,1750970.0,1.554520320620212,-0.8756070563050784,-0.5632857227459177,-0.3123213335591607,False,False,41.993,46.134223312780435,37.85177668721957,-0.15958770964371424,34.049773752959865
2012-04-30,36.46,37.54,36.4,2465500,37.51,28635400.0,0.8869585182917497,0.5726861006570134,2335736.8421052583,-9689202.962862784,39.46643755583351,3273520.0,2845555.0,3633459.981736117,3085392.7269394677,2020824.1936838003,1524244.8868987034,-0.24933985560107527,-808020.0,0.7531647889733376,-1.0740853904323302,-0.6654456562832003,-0.4086397341491299,False,False,41.6055,45.906836267279154,37.304163732720845,0.023927014128722907,40.8163265272803
2012-04-27,36.24,37.85,35.88,5913200,36.87,22722200.0,2.955582313198207,1.7642109199700822,30016.243654795053,-9659186.719207989,39.400743790316206,3715350.0,3034255.0,4047958.166875005,3354707.705326185,2071120.408136621,1659779.3399551956,1.734534784652588,2197850.0,1.591559341650181,-1.2684022004701276,-0.7860369651205859,-0.4823652353495418,False,False,41.199,45.682409886517945,36.71559011348205,0.017220139405753652,38.05970148947854
2012-04-26,33.74,34.51,33.27,1977600,34.38,20744600.0,0.27851047323506584,0.19854545454545458,1562941.9354838838,-8096244.783724105,39.355931853902185,3758430.0,3050635.0,3671529.4092613673,3223554.590533215,2024968.1698732954,1646966.4855424347,-0.6515220615716365,-1780830.0,0.5261771537583513,-1.604822468158197,-0.9497940657281081,-0.655028402430089,False,False,40.69799999999999,45.862900162075846,35.53309983792414,-0.11162847313012626,23.23699421777272
2012-04-25,33.73,34.1,33.53,1181900,33.69,19562700.0,0.10334204630321131,-0.6221547314578005,-518377.1929824706,-8614621.976706576,39.32811172061554,3769500.0,2953330.0,3218869.5166683914,3029111.2961967187,2008884.1878017765,1698827.6667036873,-1.0427367264610108,-2587600.0,0.3135429102002918,-1.9051537608692755,-1.1408660047563417,-0.7642877561129338,False,False,40.125,45.733960875711645,34.516039124288355,-0.07363566466164308,23.647058821581993
2012-04-24,33.79,34.2,33.23,927200,33.38,18635500.0,-0.5948437841380817,-0.5918115782522562,-640437.1134020528,-9255059.09010863,39.30581814969467,3633370.0,2886115.0,2802202.331819593,2828929.2679875074,2160774.9546298333,1752956.1030547346,-1.1174923300055017,-2706170.0,0.2551900852376719,-2.143474246487706,-1.3413876531026148,-0.8020865933850914,False,False,39.6625,45.89279905508479,33.432200944915216,-0.004189280839786532,24.6625766849983
2012-04-23,34.72,34.75,33.75,3340600,33.94,21976100.0,0.10283582582285167,0.5124734006429121,-2071172.0000000151,-11326231.090108644,39.23443441099285,3664520.0,2942710.0,2900092.816943303,2877659.8138934593,2153328.2883325843,1748199.8641911324,0.22759983463566857,-323920.0,0.911606431401657,-2.261093154063545,-1.5253287532948008,-0.735764400768744,False,False,39.251,45.859635180381,32.642364819619,0.09817724423896776,26.77400119037067
2012-04-20,35.35,35.66,34.94,1228300,35.02,23204400.0,-0.7422407823222043,-0.6253812370379407,-955344.4444444256,-12281575.53455307,39.21404702475413,3310820.0,2840185.0,2596130.486589975,2720577.926855987,2241126.176129612,1787145.1828265097,-0.9019328790348627,-2082520.0,0.3709957049915127,-2.241323430323085,-1.6685276887004579,-0.5727957416226273,False,False,38.969,45.802006273730704,32.1359937262693,0.21103494993251978,32.939089293547326
2012-04-19,35.33,36.43,35.16,1065200,35.22,24269600.0,-0.697351971814979,-0.5776200483762243,-964551.1811023586,-13246126.715655427,39.19826674538755,3065380.0,2767350.0,2317779.489028161,2562922.8862030357,2347590.514075609,1829970.3456038495,-0.9301516847467429,-2000180.0,0.34749362232414904,-2.1843377672179116,-1.7716897044039488,-0.4126480628139628,False,False,38.6785,45.63546326673772,31.721536733262276,0.2514360887504176,33.94117646779307
2012-04-18,34.78,35.6,34.75,937400,35.44,25207000.0,-0.8773951371359064,-0.6988660091875742,584496.4705882277,-12661630.2450672,39.18319076036598,2394550.0,2658575.0,2066801.4001139496,2408111.1827551275,1784173.3126141215,1872511.8232709435,-0.9191797769230716,-1457150.0,0.3914723016850765,-2.0972482845318794,-1.836801420429535,-0.2604468641023443,False,False,38.2685,44.95558503877368,31.581414961226326,0.28851024148791793,32.754491015218164
2012-04-17,34.16,35.18,33.98,1941400,35.0,23265600.0,-0.6044900786374934,-0.24113669233475354,1358980.0000000023,-11302650.245067198,39.148054836581444,2097830.0,2627730.0,2044001.1455477767,2363662.4986832105,1551126.458810572,1879319.1188916208,-0.36520141422537206,-156430.0,0.9254324706959096,-2.0402152336008683,-1.8774841830638018,-0.1627310505370665,False,False,37.886,44.39050337923871,31.3814966207613,0.27815370123323807,32.34772323800786
2012-04-16,34.63,34.84,33.74,918800,33.83,22346800.0,-0.6273372541066721,-0.2968008571865911,-768450.9090909155,-12071101.154158114,39.12945304078179,1943160.0,2608340.0,1839419.1190845445,2226056.546427666,1587088.2508543762,1895597.4546023044,-0.8912968288166777,-1024360.0,0.472838057596904,-2.065614236619581,-1.9151101937749577,-0.15050404284462315,False,False,37.4955,43.98880821530511,31.002191784694887,0.2177478814758708,31.60023107774461
2012-04-13,35.06,35.36,34.39,559500,34.5,22906300.0,-0.905381181086383,-0.6257274734095926,-432603.0927835057,-12503704.246941619,39.119576263580214,1407790.0,2561570.0,1606706.5519782635,2067336.8753393171,813547.0394786326,1935631.9863086196,-1.0343236804110074,-848290.0,0.39743143508619894,-2.0085266835816,-1.9337934917362865,-0.07473319184531357,False,False,37.134,43.43692964463865,30.831070355361348,0.29104954770988817,31.481481478930903
2012-04-12,34.84,35.47,34.75,1290800,35.1,24197100.0,-0.34728964401294493,-0.165502973881562,-35855.555555548475,-12539559.802497167,39.09880514682785,1339110.0,2548770.0,1549268.9970731246,1993380.9824498582,788709.4148037053,1943526.0140974917,-0.6472617247596549,-48310.0,0.9639238001359112,-1.893047527399915,-1.9256442988690121,0.03259677146909712,True,False,36.8495,42.96857965215973,30.730420347840262,0.3570454954461568,26.687306499234523
2012-04-11,35.01,35.41,34.74,1014600,34.79,23182500.0,-0.14155173872578053,-0.05283793876026888,-863167.1641791118,-13402726.96667628,39.082115610619255,1322380.0,2545940.0,1452056.4521507383,1900163.7460260622,794170.1256308045,1945830.6072215019,-0.7869852567416632,-307780.0,0.76725298325746,-1.8057285585692497,-1.9016611508090597,0.09593259223980999,False,False,36.55499999999999,42.46109141391118,30.64890858608881,0.3505779985183838,41.60231659669464
2012-04-10,35.45,35.56,34.47,1154100,34.58,22028400.0,0.24471527178602237,-0.495695870657636,-921162.3853211028,-14323889.351997383,39.062790376930366,1345070.0,2489220.0,1397882.5517596947,1829110.055928342,784811.2484328126,1970111.9170988067,-0.677687388423142,-190970.0,0.858022259064584,-1.733490294572924,-1.8680269795618325,0.13453668498890847,False,False,36.224000000000004,41.764710195785916,30.68328980421409,0.35164356716848505,34.723670485024684
2012-04-09,35.56,35.83,35.16,1097200,35.5,23125600.0,-0.671556007902772,-0.6377801987388994,16376.11940299341,-14307513.23259439,39.0473031720643,1120730.0,2392625.0,1343212.9968942956,1759404.336316119,352668.15705419634,1989513.504901188,-0.651126517517326,-23530.0,0.9790047558287902,-1.5837481755493243,-1.811171218759331,0.22742304321000661,False,False,35.9505,41.02522778632164,30.875772213678353,0.4556133827301762,43.05977709622253
2012-04-05,36.04,36.93,35.85,2259000,36.23,25384600.0,0.8391272490433932,-0.5259479990766583,-669333.3333333499,-14976846.56592774,39.023280993182624,1223800.0,2267310.0,1509719.7247316963,1806984.8757145838,505220.13903732324,1909523.331785076,-0.004351871412972775,1035200.0,1.8458898512828894,-1.3901468210374048,-1.7269663392149457,0.33681951817754086,False,False,35.751999999999995,40.42122556409763,31.082774435902355,0.5511862185107756,61.405671999264094
2012-04-04,36.41,36.8,35.8,1635000,36.25,27019600.0,0.534923019151333,-0.5354585748380498,-163499.99999999072,-15140346.56592773,39.00581842359217,1280780.0,2173080.0,1532497.9565986604,1790605.3637417662,517331.9132282947,1890882.661783004,-0.28456551581715733,354220.0,1.276565842689611,-1.2210272775190916,-1.625778526875775,0.4047512493566834,False,False,35.5195,39.525361363447296,31.513638636552706,0.591178891844045,67.20430106262287
2012-04-03,37.42,37.59,36.54,1833000,36.59,28852600.0,0.955408576914871,-0.76025739958408,-1658428.5714285572,-16798775.13735629,38.99092610331933,1370340.0,1882445.0,1587134.6917625403,1794642.9481473123,528679.4811393584,1384310.9296591152,-0.035718131628257654,462660.0,1.3376242392398967,-1.0474888627680556,-1.5101205940542313,0.46263173128617563,False,False,35.2175,37.51099537881235,32.92400462118765,0.7992157762076522,71.48594376170276
2012-04-02,35.62,37.78,35.04,3569600,37.37,32422200.0,0.8386731224889254,-0.2727865379130505,2501325.5474452465,-14297449.589911042,38.96011530599609,1533160.0,1815495.0,1947582.9296238965,1963686.476895187,866733.9361072712,1256755.4321702665,1.3957409334375186,2036440.0,2.3282631949698662,-0.8373663000683251,-1.3755697352570502,0.538203435188725,False,False,35.2595,37.68136943887349,32.83763056112652,0.9357171295290132,72.30169049398927
2012-03-30,35.28,36.86,35.27,3047000,35.67,29375200.0,2.3162821070962125,0.23585479618738603,-1513918.2389937125,-15811367.828904754,38.925311408793675,1745980.0,1844570.0,2147476.9424195513,2066859.1933813598,955824.2083842283,1279112.3785451252,0.9400503194001261,1301020.0,1.7451517199509732,-0.7988102603455332,-1.260217840274747,0.4614075799292139,False,False,35.167500000000004,37.35816800674852,32.97683199325149,0.6146910436570052,53.91095065277071
2012-03-29,34.25,35.18,33.92,1575000,35.16,27800200.0,1.8150134048257374,-0.7336467564093891,1524999.999999992,-14286367.828904761,38.90066105272792,1847530.0,1627660.0,2043390.2256159964,2020015.4606783732,865433.3918139917,848042.9485151771,-0.06209591164244857,-272530.0,0.852489540088659,-0.8001830467696038,-1.1682108815737184,0.3680278348041146,False,False,35.082,37.12112881294722,33.04287118705278,0.5191258147853984,49.651972149708484
2012-03-28,35.15,35.73,34.08,1842600,34.57,25957600.0,0.42748682987294706,-0.06826456310679607,-748207.2727272674,-15034575.101632029,38.87246428442358,1902710.0,1620910.0,2006882.9118676335,2003118.750137576,843300.5454100526,845644.8787448358,0.26215496075497735,-60110.0,0.9684082177525739,-0.8392052236344014,-1.1024097499858552,0.26320452635145375,False,False,35.0915,37.11859307033287,33.064406929667136,0.37136752435487136,45.161290315547745
2012-03-27,34.3,36.05,33.9,2897800,35.29,28855400.0,1.856100926473487,1.4518148743548522,849122.7906976785,-14185452.31093435,38.83195681140391,2091030.0,1706705.0,2168867.836982609,2088326.4882197117,833148.1661612063,884893.4699338551,1.3460320823579286,806770.0,1.3858242110347532,-0.8027786644984474,-1.0424835328883737,0.23970486838992633,False,False,35.171499999999995,37.08903432687367,33.25396567312632,0.5308990557142216,51.5641855369806
2012-03-26,33.31,34.5,32.86,2182000,34.3,26673400.0,0.890650723507495,1.3533218291630718,1649804.878048773,-12535647.432885576,38.792500829722215,2193820.0,1769445.0,2171255.502985771,2097247.7750559296,765361.4016339696,871092.5912928331,0.47360636988968763,-11820.0,0.9946121377323572,-0.8440652217053355,-1.002799870651766,0.15873464894643052,False,False,35.217499999999994,36.9929569463727,33.44204305362729,0.24161581279837074,52.585258517753644
2012-03-23,33.01,33.36,32.81,531200,33.27,26142200.0,-0.5158585490339045,-0.8409866491049512,357352.7272727335,-12178294.705612842,38.78155598042889,2137220.0,1628975.0,1873063.5933519942,1948100.3679077458,869335.4368583976,829943.878175538,-1.322709919149273,-1606020.0,0.24854717810988106,-0.9489585047397355,-0.9920315974693599,0.04307309272962434,False,False,35.184000000000005,37.08200338306003,33.28599661693998,-0.004214064390704401,43.49206348562024
2012-03-22,33.51,33.76,33.02,1047200,33.25,25095000.0,-0.5364320495794599,-0.14743955059838798,-396237.8378378422,-12574532.543450683,38.76085200932389,2016040.0,1619920.0,1722906.5763789043,1862300.3328689127,932628.5567624938,835514.7109480036,-0.6854696781462678,-968840.0,0.5194341382115434,-1.0219209515075391,-0.9980094682769958,-0.023911483230543373,False,True,35.0955,37.181457813571996,33.00954218642801,0.05763726668091936,39.5715896217136
2012-03-21,34.17,34.4,33.35,1316200,33.77,26411200.0,-0.19498470948012236,0.23563650018775806,-263239.9999999929,-12837772.543450676,38.737417490020654,1984160.0,1632470.0,1648959.9261281942,1810290.7773575876,952341.2917646716,828600.383716262,-0.3816918338627037,-667960.0,0.6633537617934038,-1.0259579573625714,-1.0035991660941108,-0.02235879126846063,False,False,35.023,37.18995857682751,32.8560414231725,0.21088510565014312,44.38325990505106
2012-03-20,33.46,34.29,33.46,1064500,34.09,27475700.0,-0.41925804691762136,0.13558779603157678,551487.9518072389,-12286284.591643438,38.71903630111326,1907310.0,1638825.0,1542694.485013977,1739263.0842759127,995905.5828184176,823460.3885114136,-0.6974530991566202,-842810.0,0.5581158804808867,-0.9919019595867411,-1.001259724792637,0.009357765205895818,True,False,34.9555,37.151673466449985,32.759326533550016,0.30295272363001474,47.33405875231039
2012-03-19,33.8,34.15,33.8,855800,34.0,26619900.0,-0.7602532496638279,-0.5591840939528175,122257.14285715278,-12164027.448786285,38.7044735465325,1635930.0,1584545.0,1417804.5786477993,1655123.742916302,851954.9780097296,838115.1588220847,-0.8695046167929987,-780130.0,0.5231275176810743,-0.961095671191579,-0.9932269140724254,0.032131242880846345,False,False,34.9055,37.14256080664646,32.66843919335355,0.29761390541783583,41.02870812710045
2012-03-16,32.51,34.92,31.99,4298000,34.0,26619900.0,0.4105677715786018,3.677840661732695,1598914.675767916,-10565112.77301837,38.627397863160134,1761030.0,1753505.0,1941476.4734391086,1906826.2435909398,1128983.9877321373,1018124.5753965059,2.499198095683972,2536970.0,2.4406171388335234,-0.9260070330336418,-0.9797829378646686,0.05377590483102679,False,False,34.914,37.135089348661815,32.69291065133819,0.29424510757510086,35.38663171041401
2012-03-15,31.14,32.54,30.93,2319000,32.47,24300900.0,0.47238095238095235,3.144772117962466,2117347.8260869556,-8447764.946931414,38.57329327956327,1835430.0,1841480.0,2010117.114631998,1946080.8870584695,1139825.1991229001,985001.2025640534,0.48479128630195506,483570.0,1.2634641473660124,-1.010014430111795,-0.985829236314094,-0.02418519379770101,False,True,34.8125,37.28460010868706,32.34039989131294,0.026212552685798918,29.32166301520236
2012-03-14,30.4,31.0,30.23,1230200,30.99,23070700.0,-0.33235645283838056,-0.046947629377130484,1198246.7532467481,-7249518.193684666,38.539616495752284,1774190.0,1838450.0,1868314.0028807255,1877901.754957663,1155737.4715835017,986875.7499247174,-0.6163389869964883,-543990.0,0.6933868413191372,-1.1823847334623565,-1.0251403357437465,-0.15724439771860999,False,False,34.607,37.605695154826705,31.608304845173294,-0.10309564881546401,22.762645911296886
2012-03-13,30.92,30.99,30.25,2280100,30.48,20790600.0,-0.21316170888260055,1.24728957224522,-862740.5405405349,-8112258.734225201,38.47664075719137,1712420.0,1901725.0,1943184.1841751388,1916206.3497235999,1104377.7582371405,971726.6931520457,0.3893841783564093,567680.0,1.331507457282676,-1.3446419827146485,-1.089040665137927,-0.25560131757672155,False,False,34.3915,37.9093538613018,30.8736461386982,-0.0559497571841326,15.584415582235962
2012-03-12,30.73,31.06,30.5,1490800,30.7,22281400.0,-0.31677360219981665,0.29174248332033614,-425942.8571428585,-8538201.59136806,38.43692641473574,1643300.0,1918560.0,1860932.5143251135,1875691.4592737332,1093297.0725694331,960949.3778221834,-0.44514311562326003,-152500.0,0.9071989289843607,-1.4388931952887916,-1.1590111711681,-0.27988202412069163,False,False,34.197500000000005,38.08056918761331,30.3144308123867,0.04964747844865035,20.8675263740663
2012-03-09,31.3,31.35,30.56,705500,30.7,22281400.0,0.328125,-0.3569996354356544,-455449.36708860745,-8993650.958456667,38.41855740896471,1660730.0,1898975.0,1650853.875356911,1764244.653628616,1074830.776396402,982324.3460899522,-1.214950036360712,-955230.0,0.4248131845634149,-1.4963390946527042,-1.226476755865021,-0.2698623387876833,False,False,33.957499999999996,38.08712531752704,29.827874682472952,0.10559375857000321,22.19451371183638
2012-03-08,31.2,31.79,31.14,1151700,31.26,23433100.0,0.09978991596638664,-0.4901726427622842,-726456.9230769186,-9720107.881533585,38.390840492666776,1671180.0,1843610.0,1560098.625292018,1705907.0675687478,1068693.4513174917,992120.4711971326,-0.6974052245541446,-519480.0,0.6891537715865437,-1.4796219036169873,-1.2771057854154142,-0.20251611820157311,False,False,33.708999999999996,37.86092485481162,29.55707514518837,0.20507655055920962,29.286608255193855
2012-03-07,31.5,31.66,30.91,1478100,31.07,21955000.0,0.12300562224585931,-0.09596330275229359,-847443.9999999994,-10567551.881533585,38.35466333894167,1687370.0,1835765.0,1545189.784329833,1684211.1563717243,1063933.955813676,994474.3680510452,-0.35965230627406325,-209270.0,0.8759785939064936,-1.464819296354058,-1.314648487603143,-0.15017080875091504,False,False,33.45,37.58072696545784,29.319273034542167,0.21191511568034463,21.715817690294656
2012-03-06,31.5,31.8,30.8,1034800,31.42,22989800.0,-0.027900422733677765,-0.4354609929078014,248352.00000000207,-10319199.881533584,38.32999781166895,1684400.0,1795855.0,1452391.6417244088,1622362.4748125123,1065905.5367776905,1010478.9700538316,-0.7531626313405178,-649600.0,0.6143433863690335,-1.4086084867166733,-1.3334404874258492,-0.07516799929082407,False,False,33.1915,37.13781486993046,29.245185130069537,0.2755500944060234,28.88563049260418
2012-03-05,32.29,32.41,31.81,648900,31.97,23638700.0,-0.24176209394718395,-0.8182149260421336,-302819.9999999984,-10622019.881533582,38.31621033433907,1663710.0,1649820.0,1306302.2523199706,1529651.7629256065,1085602.3954468796,949878.0323920816,-1.0537352858654698,-1014810.0,0.390031916620084,-1.3046415163544296,-1.3276806932115655,0.023039176857135857,True,False,32.921499999999995,36.37183499517802,29.47116500482197,0.36211483793171484,39.74763406062353
2012-03-02,32.37,33.09,32.04,1640400,32.45,25279100.0,-0.6183341088878549,-0.46163439448638,-359325.714285708,-10981345.595819289,38.284187785654666,1397950.0,1579490.0,1367047.297352703,1540199.2140755486,573640.307839138,891248.3220032923,0.06834234466000487,242450.0,1.1734325261990772,-1.1700276049155818,-1.296150075552369,0.12612247063678717,False,False,32.7605,35.96239072432667,29.558609275673334,0.4515130235955674,44.11764704974051
2012-03-01,31.89,32.88,31.09,2641400,32.62,27920500.0,0.13902544200086253,0.6770793650793652,1874065.9217876957,-9107279.674031593,38.2304492742047,1430190.0,1632810.0,1598747.7887431206,1645075.4794016867,636746.0202728688,922323.1565768555,1.0935321235382602,1211210.0,1.8468874764891379,-1.0376659637037733,-1.2444532531826498,0.20678728947887648,False,False,32.633500000000005,35.629534396542546,29.637465603457464,0.49774702186069913,41.085271308911686
2012-02-29,32.32,32.43,31.67,1356200,32.23,26564300.0,0.10242237034628521,-0.26397481819168567,642410.5263157774,-8464869.147715816,38.20283370223724,1442790.0,1608490.0,1554648.1907898257,1617563.5289824784,633587.700585591,922912.783072103,-0.27336277558124333,-86590.0,0.9399843359047402,-0.9532496811167022,-1.1862125387694602,0.23296285765275804,False,False,32.51649999999999,35.37366292850143,29.659337071498555,0.4498628522122356,35.73619631134494
2012-02-28,32.09,33.49,32.0,2442000,32.31,29006300.0,0.0710056576465945,-0.1572917385602871,-1425865.7718120744,-9890734.91952789,38.1576807392498,1458980.0,1585700.0,1715984.8833734938,1696081.2881270044,658922.6725833978,894592.6170756808,0.9571954693736967,983020.0,1.6737720873486956,-0.8698665573676649,-1.1229433424891013,0.2530767851214364,False,False,32.3675,34.90904428810989,29.82595571189011,0.48868797992838453,37.01996927007254
2012-02-27,31.38,32.08,31.14,1438400,31.91,27567900.0,-0.035148913335122045,-0.340788267644363,918127.6595744725,-8972607.259953417,38.127218671803696,1453740.0,1548520.0,1665514.904578313,1671540.2130672897,658849.8601519358,883893.885390989,-0.12458509083507077,-15340.0,0.9894479067783786,-0.826533721867797,-1.0636614183648405,0.23712769649704346,False,False,32.248000000000005,34.62647894782909,29.86952105217092,0.4289461863203562,34.87698986268775
2012-02-24,30.19,32.0,30.19,1904100,31.8,25663800.0,1.6989369241672572,2.5845256024096384,1483304.419889504,-7489302.840063913,38.08497229182089,1573600.0,1617165.0,1708894.0128368014,1693688.7642037382,615182.4553198316,853517.6144545643,0.3361793537012874,330500.0,1.210027961362481,-0.7919392356856392,-1.0093169818290004,0.21737774614336125,False,False,32.1745,34.510474720483906,29.838525279516098,0.4198407421287456,43.897996345818385
2012-02-23,30.06,30.69,29.56,2041700,30.59,23622100.0,0.7727706868108015,0.9496753246753247,1680337.1681415886,-5808965.671922324,38.03330126472661,1662600.0,1666890.0,1769404.1923210192,1726832.6914224296,611732.792066023,847512.5336132668,0.4422471469560964,379100.0,1.2280163599182004,-0.8523345614895277,-0.9779204977611059,0.1255859362715782,False,False,32.0415,34.42211712476826,29.66088287523174,0.19514207368786882,46.16858236309656
2012-02-22,30.95,30.95,29.85,3275500,30.0,20346600.0,1.2160205669440498,1.4886035556906245,-2382181.818181825,-8191147.490104149,37.95167949619605,1842340.0,1764855.0,2043239.7937171976,1874324.8160488647,789676.0632619505,915365.1048826592,1.650319628683737,1433160.0,1.7779020159145436,-0.9370051493815801,-0.9697374280852008,0.03273227870362072,False,False,31.852999999999998,34.254281236954654,29.45171876304534,0.11416431122620195,45.47169810119616
2012-02-21,30.61,30.74,30.12,2462700,30.67,22809300.0,1.379880170081175,1.3134805072804134,1906606.451612927,-6284541.038491222,37.89334036948552,1985130.0,1834765.0,2119505.285768616,1930360.5478537346,755802.0317664047,912449.4098593254,0.6881860991030838,477570.0,1.2405736652007677,-0.939217089759893,-0.9636333604201393,0.02441627066024621,False,False,31.682,33.89201166941501,29.47198833058498,0.2710419329442118,49.73913042267223
2012-02-17,30.5,30.94,29.95,1939900,30.7,24749200.0,1.989520727384805,1.2667679364337463,999342.4242424184,-5285198.614248804,37.84814873731093,2114230.0,1888970.0,2086849.779265231,1931269.0671057599,595445.4393327952,882956.5120720984,0.05768121000713711,-174330.0,0.9175444488064213,-0.9278536004294011,-0.9564774084219917,0.028623807992590566,False,False,31.516999999999996,33.47693662625876,29.55706337374123,0.2915748935312438,49.999999987889275
2012-02-16,29.27,30.65,28.73,2583300,30.4,22165900.0,0.5747988295537674,-0.3989530013959981,1910565.6249999993,-3374632.9892488047,37.783931730949355,2208520.0,1803235.0,2177113.4557624618,1993367.2511909255,586666.9693181065,701287.937166888,1.112331980429267,374780.0,1.169697353884049,-0.9323083754504751,-0.9516436018276885,0.01933522637721341,False,False,31.336999999999996,32.97090523464268,29.703094765357314,0.2132636642158413,42.21014491683075
2012-02-15,27.8,30.1,27.52,4922800,29.28,17243100.0,0.8637086393579163,1.1228115567054764,1793578.2945736446,-1581054.69467516,37.64979212191727,2436660.0,1933425.0,2676329.191078378,2272360.8463155995,1041209.5223024695,985979.9874530387,3.0318820240176336,2486140.0,2.0203064851066626,-1.0145187162738232,-0.9642186247169156,-0.05030009155690762,False,True,31.177500000000002,32.96161558511661,29.393384414883396,-0.03177608441663393,36.12403099991107
2012-02-14,28.7,28.79,26.93,4072100,27.63,13171000.0,2.00258074030379,2.310112176881808,-1007078.494623658,-2588133.189298818,37.527172634888764,2708250.0,2075520.0,2930105.7017914,2443764.5752379233,1081496.6134944684,1079633.4600224278,1.8493128213704342,1363850.0,1.503590879719376,-1.1989909922320123,-1.011173098219935,-0.18781789401207738,False,False,31.009500000000003,33.39827616761194,28.620723832388066,-0.20737058704384495,25.54838709215899
2012-02-13,30.07,30.13,28.5,2396400,28.59,15567400.0,-0.018673218673218694,0.051006534801105285,-2131766.8711656444,-4719900.060464462,37.46579243497527,2703690.0,2081335.0,2833068.3014656906,2439253.663310502,1082839.2590777283,1081105.537121486,0.29142853235113486,-307290.0,0.8863442184569976,-1.2532756415755273,-1.0595936068910534,-0.19368203468447387,False,False,30.915,33.530729746221226,28.29927025377877,0.05557335321839522,29.28921568124943
2012-02-10,29.02,30.89,28.65,3623600,30.04,19191000.0,1.5191879866518354,1.4306412664341295,873546.4285714264,-3846353.631893036,37.383196691457044,2922210.0,2187975.0,2976801.3375628376,2552048.552519026,1017657.0841889734,1124123.1066105654,1.2771065656044285,701390.0,1.2400203955225668,-1.165854490587396,-1.080845783630322,-0.08500870695707397,False,False,30.881999999999998,33.52565456776933,28.238345432230666,0.3407507527145532,36.80175245875984
2012-02-09,28.28,29.85,27.99,12923400,29.34,6267600.0,5.787143532377502,17.318072289156625,5836374.193548377,1990020.5616553407,37.07285713639986,4024140.0,2798870.0,4785273.821642322,3539796.309421976,3268798.4483598866,2611685.9467240293,3.8766261359639023,8899260.0,3.211468785877231,-1.1399165006042438,-1.0926599270251063,-0.047256573579137484,False,False,30.814,33.54585805287466,28.082141947125347,0.23022024360874924,33.022774322336275
2012-02-08,34.78,34.97,33.02,3220900,34.34,9488500.0,0.5775579174217564,1.7966484327515846,1139703.0769230875,3129723.638578428,37.04557735045555,4142060.0,2902330.0,4500842.217707354,3509425.232334169,3210078.9977126042,2583836.6727957497,0.12329339673598738,-921160.0,0.7776082432412857,-0.7077438132886194,-1.015676704277809,0.30793289098918963,True,False,30.968,34.12057355187844,27.815426448121563,1.0348011623695224,57.39313244005955
2012-02-07,35.28,35.48,34.82,2235900,34.84,11724400.0,-0.3173866585254159,0.51268520397808,-2100390.9090908873,1029332.7294875407,37.03288237707935,4038100.0,2940220.0,4089034.541760562,3388137.1149690105,3257741.3347969246,2567355.9191059624,-0.27433671925210407,-1802200.0,0.5537009979941061,-0.3211954820494398,-0.8767804598321353,0.5555849777826954,False,False,31.1565,34.75416751923392,27.558832480766085,1.011928906757949,58.61130019863472
2012-02-06,35.35,35.75,35.06,1968000,35.15,13692400.0,-0.20087708612498478,0.9018167761886355,-1454608.6956521932,-425275.9661646525,37.023360606298546,3988630.0,2986880.0,3703391.897804096,3252885.961162438,3287938.6227205917,2539229.629673245,-0.40125555723414913,-2020630.0,0.49340249659657576,0.010045466722555574,-0.6994152745211971,0.7094607412437527,False,False,31.343,35.360415246543624,27.325584753456376,0.9738121113165168,61.09589040510039
2012-02-03,35.07,35.93,35.07,2993500,35.38,16685900.0,0.5431207794216197,3.613191554939128,-835395.348837192,-1260671.3150018444,37.010252295417445,4093990.0,3104110.0,3574320.6436578967,3228182.536289825,3231388.5094147655,2479018.173836272,-0.044618470799200075,-1100490.0,0.7311937742886524,0.2877978286752878,-0.5019726538819002,0.789770482557188,False,False,31.5135,35.914123281213826,27.11287671878618,0.9393127692281699,62.16032608104454
2012-02-02,35.28,35.6,33.83,2447800,34.88,14238100.0,-0.05245228970696392,0.4921970251158254,456369.4915254304,-804301.823476414,36.99499724267764,4080440.0,3144480.0,3369498.7084473697,3153860.3899765084,3238702.869702966,2460432.05589673,-0.2831535210778611,-1632640.0,0.599886286772995,0.46224429084708873,-0.3091292649361024,0.7713735557831911,False,False,31.634999999999998,36.272310926774495,26.997689073225505,0.8498794938748132,65.31049249882693
2012-02-01,33.11,35.17,33.08,3610100,35.06,17848200.0,-0.2666571869667669,0.36673733626107374,3230089.473684213,2425787.650207799,36.969559596875435,3949170.0,3192915.0,3413244.397820575,3197311.781407317,3227350.094995377,2459541.951852225,0.16961898116266222,-339070.0,0.9141414525077421,0.6080101026244549,-0.12570139142399095,0.7337114940484458,False,False,31.756999999999998,36.62601740870978,26.887982591290218,0.8391854785825517,68.60294116940852
2012-01-31,30.84,33.04,30.84,1261100,32.91,16587100.0,-0.6903072124947816,-0.07012240082583687,1112060.9090909061,3537848.5592987053,36.953269731272634,3668070.0,3188160.0,3021945.4163986524,3012910.6593685253,3336041.136187223,2463368.688861486,-0.7822864716570884,-2406970.0,0.34380478017049837,0.5437752246423457,0.008193931789276396,0.5355812928530693,False,False,31.791000000000004,36.68336526587498,26.898634734125025,0.6143618617159674,57.427055697586326
2012-01-30,30.96,31.84,30.64,904500,31.64,15682600.0,-0.6225588382573861,-0.6296068796068797,603000.0000000008,4140848.5592987062,36.93945138229509,3518880.0,3111285.0,2636955.3406898063,2812109.644190571,3431231.268412745,2511402.1412402904,-0.8787063464516077,-2614380.0,0.2570420133678898,0.38594134332140584,0.0837434140957023,0.30219792922570354,False,False,31.7575,36.64407398011746,26.87092601988254,0.4879772617299887,52.87990195624805
2012-01-27,30.39,31.46,30.35,1227500,31.24,14455100.0,-0.6612484821724252,-0.1466212458286985,740923.4234234177,4881771.982722124,36.91961288995769,3279270.0,3100740.0,2380690.7332916595,2661194.439981945,3505954.595969549,2519226.608014117,-0.7435774114328912,-2051770.0,0.3743211141504054,0.22597529563893914,0.11218979040434968,0.11378550523458947,False,False,31.724,36.61535607071592,26.832643929284085,0.45052496761607014,52.55785626835682
2012-01-26,31.48,31.94,30.46,1881500,31.05,12573600.0,-0.8544113778107928,-0.011869124520770935,-381385.13513513596,4500386.8475869885,36.89014234942428,2175080.0,3099610.0,2289928.781784085,2586937.8266503313,905392.5248200381,2519796.615623027,-0.4834159997071108,-293580.0,0.86502565422881,0.08291385890038327,0.1063346041035564,-0.023420745203173124,False,True,31.686500000000002,36.586894291333046,26.786105708666962,0.43505624627739314,55.71336345526154
2012-01-25,30.55,32.33,30.55,2349300,31.49,14922900.0,-0.27060759415070323,0.15065876475486117,131983.1460674131,4632369.993654402,36.855707964359055,2087920.0,3114990.0,2300723.548732433,2564305.6526836334,832550.638833594,2513931.5543376943,-0.30457869812677707,261380.0,1.125186788765853,0.004983515485271539,0.08606438637989944,-0.0810808708946279,False,False,31.7315,36.60595878237326,26.857041217626744,0.47522801907020934,63.51540615623798
2012-01-24,30.14,30.75,29.97,1299100,30.69,13623800.0,-0.4189811708931527,-0.6033887956037246,1099238.4615384662,5731608.455192868,36.83340777952986,1994240.0,3016170.0,2118610.176235627,2443809.876237573,866079.5821786067,2545931.434579287,-0.6744368590129546,-695140.0,0.6514261071887034,-0.11994747739534262,0.04486201362485104,-0.16480949102019365,False,False,31.766000000000002,36.59844473380362,26.93355526619639,0.38866918720526333,57.43626061753465
2012-01-23,30.54,30.79,30.23,2565400,30.38,11058400.0,0.3035569105691056,0.04170219677589637,-1191078.5714285814,4540529.8837642865,36.789801966153135,2053980.0,3021305.0,2199844.689647331,2455389.8880244712,884476.688719885,2544859.7077400843,-0.17914739999748672,511420.0,1.2489897662099922,-0.24119030683291953,-0.012348450466703076,-0.22884185636621646,False,False,31.7515,36.59950675264457,26.90349324735543,0.3585501145133663,51.30970723637645
2012-01-20,30.42,30.49,29.82,1307600,30.4,12366000.0,-0.5631869049607483,-0.32594463632145987,956304.4776119399,5496834.361376226,36.76700470442336,1885390.0,2989690.0,2037618.382438725,2346076.565355474,845304.0550266204,2562865.0250719097,-0.6563318721604559,-577790.0,0.6935435108916458,-0.3318370785366298,-0.07624617608068843,-0.2555909024559414,False,False,31.7365,36.60003683303817,26.87296316696183,0.36259999195224435,54.308943083249375
2012-01-19,29.1,30.89,29.02,2712900,30.33,9653100.0,0.10830133180815427,0.05016838926953904,1088061.4973261976,6584895.858702423,36.71908647640963,1911900.0,2996170.0,2160396.858358957,2381012.130559715,868734.1045708103,2561947.09734197,-0.11056824721083965,801000.0,1.418954966263926,-0.4046590554721625,-0.14192875195898325,-0.2627303035131793,False,False,31.733000000000004,36.60068549777677,26.865314502223235,0.3558863344149081,22.795115328098575
2012-01-18,28.69,29.43,28.52,1205200,29.03,8447900.0,-0.666158832165314,-0.7551799788738116,145683.51648352042,6730579.375185943,36.69457017577811,1671410.0,2810290.0,1986724.702293692,2269030.0228873612,652301.7152105839,2549639.0720628425,-0.6295361636034884,-466210.0,0.7210678409247282,-0.5608055154020306,-0.22570410464759272,-0.3351014107544379,False,False,31.720499999999998,36.61591342805509,26.825086571944908,0.22520196306801898,14.443084452849362
2012-01-17,29.58,29.8,28.91,3210100,28.99,5237800.0,1.5454761715962255,-0.2116843888902532,-2633003.3707865295,4097576.0043994137,36.63203433024874,1866310.0,2767190.0,2209156.5746039297,2358655.734993327,792242.2657663941,2534426.7484093187,0.17475746745412288,1343790.0,1.7200250762199205,-0.6799424225789714,-0.31655176823386844,-0.363390654345103,False,False,31.7885,36.47813145224631,27.09886854775369,0.2016290055522878,11.012658225896502
2012-01-13,28.22,29.77,27.93,1993400,29.51,7231200.0,1.203869541182974,-0.16816892004673678,1430047.826086961,5527623.830486375,36.5928801410651,1975200.0,2747040.0,2169928.106494124,2323869.474517772,716576.2221998617,2539127.546059452,-0.29681061164871236,18200.0,1.0092142567841231,-0.7240531911924784,-0.3980520528255904,-0.32600113836688793,False,False,31.834500000000002,36.40865842130123,27.26034157869877,0.245909543799891,14.163614161193038
2012-01-12,27.87,29.17,27.8,2005600,28.46,5225600.0,0.6338900203665987,-0.44651727563748755,-73197.08029197178,5454426.750194403,36.55081848494213,2053010.0,2666140.0,2140050.268949738,2293558.09599227,666888.1506253112,2535502.4919602904,-0.260516407337195,-47410.0,0.9769070779002538,-0.8341222755342059,-0.4852660973673135,-0.3488561781668924,False,False,31.7555,36.511130347283434,26.999869652716573,0.15351596325369377,13.272311210688642
2012-01-11,26.69,28.22,26.56,1803300,27.79,3422300.0,-0.04156258304544247,-0.8604624170110033,869060.2409638561,6323486.991158259,36.508948348485355,2045190.0,2110135.0,2078822.9473225125,2246866.8487549108,669575.8299932237,777883.8976249677,-0.3944483244052583,-241890.0,0.8817273700731961,-0.9643003641149406,-0.581072950716839,-0.3832274133981016,False,False,31.678000000000004,36.64518749182579,26.71081250817422,0.10863164452738444,10.617551461011416
2012-01-10,26.73,28.24,26.59,4177500,27.75,-755200.0,0.778189247861065,0.2969977335527336,1696318.1818181877,8019805.172976447,36.41346418352836,2228010.0,2157965.0,2460400.593263874,2430736.6726830145,951899.7174656134,873330.2499928834,2.312452820701512,1949490.0,1.8749915844183824,-1.0584934493093598,-0.6765570504353432,-0.38193639887401665,False,False,31.3485,36.44479493899896,26.252205061001042,0.146949397251051,13.764044941113823
2012-01-09,25.74,26.77,25.65,1965300,26.26,-2720500.0,0.5128165653144485,-0.12102509056755673,175473.21428572285,8195278.38726217,36.362773487041906,2294630.0,2144435.0,2370382.303579533,2386409.3705227277,901651.4577275555,874155.0357947175,-0.2049236035540808,-329330.0,0.8564779506935759,-1.2390892459795282,-0.7890634895441803,-0.4500257564353479,False,False,30.9195,36.218745129956886,25.62025487004311,0.060361911391905866,13.351498635055592
2012-01-06,25.52,26.02,25.17,1484800,25.57,-4205300.0,-0.4212208622437047,-0.2455284552845528,-87341.1764705897,8107937.21079158,36.3224124877795,2186570.0,2120275.0,2209367.339292345,2300541.811425325,929905.4169944162,885886.6631056265,-0.7173321672687049,-701770.0,0.6790544094174895,-1.4215037391429988,-0.915551539463944,-0.5059521996790548,False,False,30.440500000000004,35.86016584714781,25.020834152852192,0.05066417954870926,12.844036694891003
2012-01-05,24.57,25.82,24.57,1534700,25.52,-5740000.0,0.17367696543285405,-0.48732253215299814,798043.9999999984,8905981.210791579,36.27991895622573,2209280.0,2047335.0,2086700.5503301006,2227604.4960514847,908582.8743463962,870120.3705446981,-0.5891541186181963,-674580.0,0.6946607039397451,-1.5522102082694431,-1.042883273225044,-0.5093269350443992,False,False,29.9475,35.26821176481251,24.62678823518749,0.08393724414086767,13.084112147087097
2012-01-04,25.82,26.09,25.41,1681000,25.68,-4059000.0,-0.3803678720188728,-0.313260887327396,-346088.2352941192,8559892.97549746,36.235529739995535,2106090.0,2008995.0,2012936.8139064456,2175546.9249989623,903614.3750393644,868438.0937091969,-0.37768380080967706,-425090.0,0.79816152206221,-1.6241630235876592,-1.159139223297567,-0.46502380029009216,False,False,29.4875,34.59935155455373,24.375648445446274,0.12758112600040067,9.708737862192521
2012-01-03,26.15,27.35,26.11,3721800,26.63,-337200.0,2.0881181546631264,0.030940971164233666,-600290.3225806527,7959602.652916808,36.14751663490085,2357750.0,2014580.0,2323639.2113780007,2322809.122618109,972640.1015906273,879564.7737136222,1.9409826894179987,1364050.0,1.5785388612024176,-1.5862438558331249,-1.2445601498046788,-0.3416837060284461,False,False,29.065999999999995,33.60081688831316,24.531183111686826,0.23141142630500763,22.418478256605198
2011-12-30,24.97,25.55,24.64,1798400,25.21,-2135600.0,-0.43976823151926736,0.4260566172389184,454540.65934066015,8414143.312257469,36.098628404931745,2216580.0,2041445.0,2228141.172945637,2272865.396654479,936977.4760722214,863396.4982159586,-0.2814987094599125,-418180.0,0.8113399922402981,-1.6517346063863165,-1.3259950411210064,-0.3257395652653101,False,False,28.681,33.1486516850524,24.213348314947602,0.11154088941030656,19.48051947729958
2011-12-29,25.54,25.66,24.79,2247300,24.82,-4382900.0,0.1273703220628073,1.4845771144278608,-2092313.7931034425,6321829.519154026,36.03790476693063,2241970.0,2108585.0,2231624.59604643,2270430.5969731,933692.1334739383,821525.9711914809,0.1688504135770875,5330.0,1.0023773734706531,-1.7153329481999435,-1.4038626225367938,-0.3114703256631497,False,False,28.340000000000003,32.89690569067306,23.78309430932695,0.113773003114302,18.438914024229163
2011-12-28,25.25,25.98,24.94,2098600,25.77,-2284300.0,0.04637016354208212,0.7096537678207739,1251088.4615384573,7572917.9806924835,35.984226543668555,2251270.0,2152140.0,2207438.30585617,2254065.778213757,931536.8592337689,795018.757408641,-0.06734432301259573,-152670.0,0.9321849444979945,-1.6698292792710205,-1.4570559538836392,-0.21277332538738136,False,False,28.0665,32.546501292293534,23.58649870770647,0.24369427036210625,26.543209872720126
2011-12-27,25.36,26.1,24.63,2887400,25.94,603100.0,0.6011756224699163,0.5346266276906724,2258850.340136055,9831768.320828538,35.9112185420079,2359680.0,2202435.0,2331067.7047914118,2314383.3231457802,936678.8407275304,808696.5205778602,0.8469988216476474,527720.0,1.2236404936262544,-1.601587609548691,-1.4859622850166496,-0.11562532453204133,False,False,27.810999999999996,32.15537518976873,23.46662481023126,0.28466408651739933,32.01396972702916
2011-12-23,24.71,27.14,24.5,2744200,26.02,3347300.0,-0.3430999401555954,0.16809262333461028,415787.8787878772,10247556.199616415,35.84495399555864,2216350.0,2222180.0,2406182.6675566095,2355318.244750944,709793.1189203444,817246.7858931181,0.6387544240134476,527850.0,1.2381618426692536,-1.5234884368653994,-1.4934675153863997,-0.030020921478999707,False,False,27.5375,31.585271966741878,23.489728033258125,0.3125511994662258,32.79258400395024
2011-12-22,27.12,27.6,23.99,6294100,24.53,-2946800.0,2.202615376787259,3.8449695943345397,-4411100.5540166125,5836455.645599803,35.688562539408636,2649230.0,2471930.0,3113076.728000862,2730440.3166794255,1461560.2188909112,1195846.0652124966,3.1962056916755563,3644870.0,2.37582240877538,-1.5637983336307357,-1.507533679035267,-0.05626465459546881,False,False,27.2295,31.204042542363496,23.254957457636507,0.1604011692884383,24.06249999649087
2011-12-21,30.0,30.0,27.51,2871800,27.67,-75000.0,0.9341325431034482,0.11943556560380442,-2502733.333333333,3333722.31226647,35.63918729581584,2787930.0,2487250.0,3069208.2320007053,2743903.143662337,1403435.7738144721,1199064.8494380505,0.3207082587569987,83870.0,1.0300832517315714,-1.3270747674653371,-1.471441896721281,0.14436712925594386,True,False,27.094,30.79142100730602,23.396578992693982,0.577892130604256,46.621043621448294
2011-12-20,29.5,30.62,29.47,2017200,30.25,1942200.0,0.31439369257835414,0.5426736004894464,719175.6521739119,4052897.964440382,35.61304132876156,2836180.0,2522730.0,2877934.008000577,2674693.3204564005,1363282.249083685,1172526.9612431542,-0.43114573626863073,-818980.0,0.7112383558166266,-0.920672261011358,-1.3612879695792965,0.4406157085679385,False,False,27.0865,30.756189646995757,23.416810353004244,0.9310310004811774,59.044117640980765
2011-12-19,28.69,29.46,28.41,1048500,28.97,893700.0,-0.3762641284949435,-0.6135132146411589,69899.9999999967,4122797.964440379,35.59668643534982,2772930.0,2439510.0,2545309.6429095627,2519817.7661272194,1435587.3649253594,1216557.8731988485,-1.1433981322585522,-1724430.0,0.3781198948404756,-0.6938820093905917,-1.2278067775415555,0.5339247681509638,False,False,27.0185,30.479599764374335,23.557400235625664,0.781919062271349,54.11051212427528
2011-12-16,29.92,29.92,28.0,966700,28.46,-73000.0,-0.7402600892041485,-0.19789246598075005,-503489.58333333296,3619308.381107046,35.58133238160383,2497420.0,2427585.0,2258289.7078350964,2371901.7884008177,1496338.2964200766,1230384.0248924426,-1.1873406761175294,-1530720.0,0.3870794660089212,-0.5489736127145974,-1.092040144576164,0.5430665318615666,False,False,26.99,30.390210519799044,23.589789480200952,0.7161630862913276,57.936507930655765
2011-12-15,27.87,29.1,27.6,1417600,28.33,-1490600.0,-0.21174377224199292,-0.5583938195071805,-37802.66666667258,3581505.7144403732,35.55745725798657,2459340.0,2337960.0,2105437.0336832604,2281015.903791216,1520750.4026338824,1235657.491463766,-0.7448342330767865,-1041740.0,0.5764148104776078,-0.4395556539204222,-0.9615432464450157,0.5219875925245935,False,False,26.957,30.28757984520232,23.62642015479768,0.7061202649108977,60.3759398432687
2011-12-14,28.19,28.19,26.85,444400,27.12,-1935000.0,-0.8022515907978462,-0.7770643122303602,-265313.4328358212,3316192.281604552,35.549016864828,2279050.0,2260510.0,1803430.300286304,2106100.103430148,1650054.3251999659,1304990.7666138364,-1.3916650189889124,-1834650.0,0.19499352800508984,-0.44534436821079026,-0.8583034707981707,0.41295910258738044,False,False,26.8375,29.94652844868644,23.728471551313557,0.5454321992645899,55.532503452438085
2011-12-13,28.53,28.53,27.01,452500,27.5,-1482500.0,-0.7843800628990756,-0.7743817311527722,-160756.57894736927,3155435.7026571827,35.540748739620994,2114440.0,2182855.0,1557806.6093251577,1948614.3792939438,1749186.2128175818,1365752.7746823844,-1.2669606330489838,-1661940.0,0.21400465371445868,-0.41449114586608715,-0.769541005811754,0.35504985994566685,False,False,26.789500000000004,29.82175103113088,23.757248968869128,0.6171571866421323,56.19891007638431
2011-12-12,28.28,28.28,27.0,393300,27.45,-1875800.0,-0.8637874904758607,-0.7818998502744967,-116760.93750000068,3038674.7651571822,35.533482140233424,1865030.0,2112355.0,1346078.1349024016,1800489.2003135683,1803689.8575789954,1421625.6870865168,-1.2092177396731172,-1471730.0,0.21088132630574308,-0.3895834514835812,-0.6935494949461195,0.3039660434625383,False,False,26.7725,29.784880593834394,23.760119406165607,0.612452590052312,52.97532655485011
2011-12-09,27.93,28.0,26.7,716200,27.91,-1159600.0,-0.7390131914583485,-0.828557749850389,617033.8461538464,3655708.6113110287,35.520217302387614,1662230.0,1939290.0,1231554.8376474194,1697223.5621884665,1807861.4131066583,1366608.697662325,-0.8949818642982271,-946030.0,0.43086696786846584,-0.328934021964713,-0.6206264003498382,0.2916923783851252,False,False,26.7805,29.804637806663084,23.756362193336916,0.6867474421157945,60.53042121023849
2011-12-08,26.06,27.78,25.76,719600,26.55,-1879200.0,-0.885670707487965,-0.633847249783748,-156744.55445544602,3498964.0568555826,35.505536091368675,1104780.0,1877005.0,1138472.1398933432,1604116.5562657553,798755.4622313686,1393483.8217764252,-0.8305837368994569,-385180.0,0.6513514002787886,-0.3861581552822386,-0.5737327513363183,0.18757459605407967,False,False,26.794999999999998,29.81140078308823,23.778599216911765,0.45938868578512254,56.27266134309052
2011-12-07,27.5,27.76,24.0,1413700,27.45,-465500.0,-0.5077303433386726,-0.047885237068965525,1180589.8936170198,4679553.950472603,35.4758800066897,958970.0,1873450.0,1188513.5690036444,1585981.646145207,527315.9416643273,1394627.285995117,-0.32965796999443603,454730.0,1.4741858452297778,-0.354796343433776,-0.5299454697558098,0.17514912632203383,False,False,26.889,29.861519045134777,23.91648095486522,0.5943644080124916,56.1135371121864
